Ідентифікатор погоди,Ідентифікатор міста,Температура,Вологість,Дата,Тиск
0,Kyiv,17.2,81,2023-04-22,996.9
1,Kyiv,18.5,62,2023-04-23,999.1
2,Kyiv,18.7,69,2023-04-24,997.2
3,Kyiv,19.4,78,2023-04-25,993.1
4,Kyiv,14.4,94,2023-04-26,989.5
5,Kyiv,8.1,88,2023-04-27,996.4
6,Kyiv,12.9,74,2023-04-28,999.6
7,Kyiv,14.8,74,2023-04-29,1000.8
8,Kyiv,13.5,65,2023-04-30,997.4
9,Kyiv,15.4,75,2023-05-01,1004.5
10,Kyiv,19.3,58,2023-05-02,1007.4
11,Kyiv,22.7,81,2023-05-03,1005.0
12,Kyiv,17.6,88,2023-05-04,1005.4
13,Kyiv,16.0,87,2023-05-05,1004.0
14,Kyiv,13.1,86,2023-05-06,1007.0
15,Kyiv,12.2,53,2023-05-07,1007.7
16,Kyiv,13.3,49,2023-05-08,1010.0
17,Kyiv,14.1,60,2023-05-09,1010.8
18,Kyiv,14.1,58,2023-05-10,1007.2
19,Kyiv,16.8,62,2023-05-11,1007.1
20,Kyiv,20.3,60,2023-05-12,1007.4
21,Kyiv,22.3,75,2023-05-13,1006.9
22,Kyiv,24.3,59,2023-05-14,1005.2
23,Kyiv,25.6,65,2023-05-15,1000.8
24,Kyiv,19.3,67,2023-05-16,998.9
25,Kyiv,21.4,68,2023-05-17,1001.0
26,Kyiv,25.5,68,2023-05-18,1002.6
27,Kyiv,21.1,76,2023-05-19,1005.8
28,Kyiv,22.2,85,2023-05-20,1006.3
29,Kyiv,19.2,71,2023-05-21,1005.2
30,Kyiv,22.2,63,2023-05-22,1001.5
31,Kyiv,24.0,73,2023-05-23,997.8
32,Kyiv,24.4,86,2023-05-24,997.5
33,Kyiv,25.8,85,2023-05-25,998.5
34,Kyiv,26.9,82,2023-05-26,998.9
35,Kyiv,24.1,68,2023-05-27,999.4
36,Kyiv,20.3,57,2023-05-28,1001.8
37,Kyiv,22.7,66,2023-05-29,1001.8
38,Kyiv,24.4,63,2023-05-30,998.6
39,Kyiv,22.0,61,2023-05-31,1000.5
40,Kyiv,25.8,57,2023-06-01,999.1
41,Kyiv,27.7,84,2023-06-02,993.2
42,Kyiv,17.6,89,2023-06-03,1004.5
43,Kyiv,20.5,68,2023-06-04,1006.5
44,Kyiv,23.6,65,2023-06-05,1005.0
45,Kyiv,27.0,64,2023-06-06,1003.7
46,Kyiv,24.5,76,2023-06-07,1002.9
47,Kyiv,22.7,85,2023-06-08,1002.9
48,Kyiv,27.1,77,2023-06-09,999.9
49,Kyiv,26.2,89,2023-06-10,997.0
50,Kyiv,16.5,89,2023-06-11,1000.3
51,Kyiv,16.7,89,2023-06-12,999.5
52,Kyiv,17.8,87,2023-06-13,998.5
53,Kyiv,23.6,90,2023-06-14,996.9
54,Kyiv,25.5,86,2023-06-15,997.1
55,Kyiv,27.8,84,2023-06-16,995.9
56,Kyiv,28.6,68,2023-06-17,994.0
57,Kyiv,29.9,65,2023-06-18,995.7
58,Kyiv,29.7,75,2023-06-19,996.6
59,Kyiv,28.7,94,2023-06-20,997.7
60,Kyiv,27.8,90,2023-06-21,1000.2
61,Kyiv,30.2,80,2023-06-22,1001.6
62,Kyiv,31.9,69,2023-06-23,997.3
63,Kyiv,28.1,79,2023-06-24,996.3
64,Kyiv,22.8,94,2023-06-25,996.0
65,Kyiv,20.0,93,2023-06-26,993.3
66,Kyiv,22.8,91,2023-06-27,991.5
67,Kyiv,22.4,94,2023-06-28,989.6
68,Kyiv,19.4,90,2023-06-29,988.0
69,Kyiv,25.1,92,2023-06-30,988.4
70,Kyiv,27.5,84,2023-07-01,989.5
71,Kyiv,29.6,83,2023-07-02,989.0
72,Kyiv,27.0,85,2023-07-03,996.6
73,Kyiv,29.2,66,2023-07-04,999.2
74,Kyiv,29.6,68,2023-07-05,999.3
75,Kyiv,31.2,93,2023-07-06,997.9
76,Kyiv,25.6,91,2023-07-07,997.9
77,Kyiv,22.7,85,2023-07-08,997.6
78,Kyiv,25.5,76,2023-07-09,997.0
79,Kyiv,24.3,76,2023-07-10,996.7
80,Kyiv,22.7,91,2023-07-11,996.8
81,Kyiv,24.3,81,2023-07-12,998.0
82,Kyiv,29.6,77,2023-07-13,995.6
83,Kyiv,24.6,90,2023-07-14,997.0
84,Kyiv,25.6,73,2023-07-15,1000.0
85,Kyiv,28.0,78,2023-07-16,1001.1
86,Kyiv,31.9,74,2023-07-17,999.9
87,Kyiv,28.0,83,2023-07-18,996.4
88,Kyiv,25.6,70,2023-07-19,995.9
89,Kyiv,26.8,93,2023-07-20,992.3
90,Kyiv,24.2,94,2023-07-21,996.7
91,Kyiv,17.3,95,2023-07-22,996.9
92,Kyiv,23.4,96,2023-07-23,997.0
93,Kyiv,27.8,72,2023-07-24,996.7
94,Kyiv,30.1,69,2023-07-25,989.4
95,Kyiv,24.6,90,2023-07-26,986.2
96,Kyiv,21.7,93,2023-07-27,987.3
97,Kyiv,23.8,85,2023-07-28,991.2
98,Kyiv,25.7,78,2023-07-29,992.9
99,Kyiv,24.4,96,2023-07-30,993.4
100,Kyiv,23.7,97,2023-07-31,992.6
101,Kyiv,27.0,94,2023-08-01,992.4
102,Kyiv,28.1,95,2023-08-02,990.2
103,Kyiv,26.9,95,2023-08-03,993.1
104,Kyiv,31.7,80,2023-08-04,997.0
105,Kyiv,32.4,86,2023-08-05,998.5
106,Kyiv,34.6,76,2023-08-06,994.2
107,Kyiv,25.1,81,2023-08-07,991.6
108,Kyiv,22.3,86,2023-08-08,997.5
109,Kyiv,24.3,81,2023-08-09,1002.2
110,Kyiv,24.6,84,2023-08-10,1003.6
111,Kyiv,24.8,80,2023-08-11,1000.1
112,Kyiv,24.5,88,2023-08-12,1000.1
113,Kyiv,26.9,73,2023-08-13,1002.7
114,Kyiv,31.5,78,2023-08-14,1004.8
115,Kyiv,33.3,75,2023-08-15,1006.1
116,Kyiv,31.6,88,2023-08-16,1006.1
117,Kyiv,29.1,83,2023-08-17,1004.7
118,Kyiv,29.6,89,2023-08-18,1004.6
119,Kyiv,32.1,83,2023-08-19,1004.1
120,Kyiv,32.6,81,2023-08-20,1002.2
121,Kyiv,29.8,78,2023-08-21,999.7
122,Kyiv,26.6,81,2023-08-22,998.9
123,Kyiv,26.2,68,2023-08-23,999.0
124,Kyiv,26.5,84,2023-08-24,999.4
125,Kyiv,27.6,70,2023-08-25,998.0
126,Kyiv,31.0,73,2023-08-26,997.7
127,Kyiv,32.3,77,2023-08-27,994.1
128,Kyiv,35.2,84,2023-08-28,991.7
129,Kyiv,35.3,87,2023-08-29,992.3
130,Kyiv,32.0,85,2023-08-30,992.0
131,Kyiv,28.7,83,2023-08-31,994.6
132,Kyiv,24.9,90,2023-09-01,1000.3
133,Kyiv,24.5,80,2023-09-02,1002.7
134,Kyiv,23.9,68,2023-09-03,1002.7
135,Kyiv,23.2,80,2023-09-04,1006.0
136,Kyiv,24.2,79,2023-09-05,1006.7
137,Kyiv,25.7,82,2023-09-06,1005.6
138,Kyiv,22.8,75,2023-09-07,1008.2
139,Kyiv,23.5,78,2023-09-08,1008.2
140,Kyiv,21.1,77,2023-09-09,1005.8
141,Kyiv,21.3,84,2023-09-10,1006.5
142,Kyiv,20.3,88,2023-09-11,1003.4
143,Kyiv,25.2,96,2023-09-12,1000.9
144,Kyiv,26.9,85,2023-09-13,1000.6
145,Kyiv,27.4,94,2023-09-14,997.2
146,Kyiv,20.1,92,2023-09-15,1005.2
147,Kyiv,21.1,94,2023-09-16,1008.6
148,Kyiv,22.7,95,2023-09-17,1008.9
149,Kyiv,25.8,71,2023-09-18,1005.8
150,Kyiv,25.6,69,2023-09-19,1002.4
151,Kyiv,21.9,93,2023-09-20,999.9
152,Kyiv,23.4,99,2023-09-21,1001.2
153,Kyiv,26.1,79,2023-09-22,1000.5
154,Kyiv,27.1,78,2023-09-23,1001.6
155,Kyiv,27.0,89,2023-09-24,1006.0
156,Kyiv,27.1,91,2023-09-25,1010.3
157,Kyiv,23.2,94,2023-09-26,1011.4
158,Kyiv,23.0,94,2023-09-27,1011.1
159,Kyiv,25.5,86,2023-09-28,1008.9
160,Kyiv,24.7,79,2023-09-29,1007.7
161,Kyiv,25.5,84,2023-09-30,1003.7
162,Kyiv,18.5,83,2023-10-01,1000.2
163,Kyiv,17.7,88,2023-10-02,1005.4
164,Kyiv,19.4,92,2023-10-03,1006.5
165,Kyiv,19.0,72,2023-10-04,1003.6
166,Kyiv,16.9,83,2023-10-05,1004.9
167,Kyiv,15.2,79,2023-10-06,1002.4
168,Kyiv,16.9,82,2023-10-07,1001.0
169,Kyiv,12.4,78,2023-10-08,993.6
170,Kyiv,9.9,78,2023-10-09,999.1
171,Kyiv,9.7,87,2023-10-10,1006.5
172,Kyiv,13.5,85,2023-10-11,1008.7
173,Kyiv,21.9,85,2023-10-12,1000.2
174,Kyiv,16.7,95,2023-10-13,1001.8
175,Kyiv,21.9,81,2023-10-14,1000.4
176,Kyiv,15.7,92,2023-10-15,991.5
177,Kyiv,9.4,91,2023-10-16,997.2
178,Kyiv,9.7,88,2023-10-17,1002.0
179,Kyiv,10.6,80,2023-10-18,1001.3
180,Kyiv,11.6,88,2023-10-19,995.6
181,Kyiv,12.9,99,2023-10-20,986.0
182,Kyiv,12.8,100,2023-10-21,995.7
183,Kyiv,15.5,100,2023-10-22,996.0
184,Kyiv,15.7,87,2023-10-23,996.7
185,Kyiv,14.3,91,2023-10-24,998.7
186,Kyiv,12.4,100,2023-10-25,994.9
187,Kyiv,13.1,96,2023-10-26,983.5
188,Kyiv,16.4,94,2023-10-27,981.4
189,Kyiv,14.6,94,2023-10-28,989.8
190,Kyiv,12.2,93,2023-10-29,998.0
191,Kyiv,18.8,78,2023-10-30,997.1
192,Kyiv,20.0,92,2023-10-31,995.4
193,Kyiv,14.2,94,2023-11-01,991.9
194,Kyiv,13.2,89,2023-11-02,994.7
195,Kyiv,12.3,95,2023-11-03,994.0
196,Kyiv,16.0,98,2023-11-04,986.6
197,Kyiv,15.4,92,2023-11-05,982.3
198,Kyiv,13.9,93,2023-11-06,992.5
199,Kyiv,14.5,82,2023-11-07,999.1
200,Kyiv,8.4,95,2023-11-08,997.9
201,Kyiv,9.2,94,2023-11-09,1001.2
202,Kyiv,11.4,92,2023-11-10,1001.6
203,Kyiv,8.2,100,2023-11-11,995.2
204,Kyiv,8.4,99,2023-11-12,986.9
205,Kyiv,8.5,82,2023-11-13,993.4
206,Kyiv,7.7,92,2023-11-14,992.1
207,Kyiv,10.8,94,2023-11-15,986.0
208,Kyiv,7.6,96,2023-11-16,996.0
209,Kyiv,3.1,94,2023-11-17,999.0
210,Kyiv,2.4,93,2023-11-18,1003.6
211,Kyiv,-1.2,79,2023-11-19,1003.2
212,Kyiv,-0.3,86,2023-11-20,994.1
213,Kyiv,0.1,92,2023-11-21,998.6
214,Kyiv,-1.4,92,2023-11-22,1005.0
215,Lviv,17.0,71,2023-04-22,983.0
216,Lviv,19.5,71,2023-04-23,982.3
217,Lviv,20.3,73,2023-04-24,978.0
218,Lviv,13.6,91,2023-04-25,973.2
219,Lviv,8.2,90,2023-04-26,982.0
220,Lviv,9.7,75,2023-04-27,987.4
221,Lviv,12.2,84,2023-04-28,989.0
222,Lviv,15.3,73,2023-04-29,985.6
223,Lviv,17.5,77,2023-04-30,986.1
224,Lviv,16.3,73,2023-05-01,989.1
225,Lviv,22.2,66,2023-05-02,987.2
226,Lviv,15.7,90,2023-05-03,991.8
227,Lviv,12.1,83,2023-05-04,991.5
228,Lviv,17.6,82,2023-05-05,989.7
229,Lviv,18.0,87,2023-05-06,988.7
230,Lviv,11.6,91,2023-05-07,992.0
231,Lviv,9.1,89,2023-05-08,995.1
232,Lviv,14.3,91,2023-05-09,995.0
233,Lviv,15.5,68,2023-05-10,990.3
234,Lviv,17.1,63,2023-05-11,989.3
235,Lviv,17.1,68,2023-05-12,990.6
236,Lviv,17.5,75,2023-05-13,991.3
237,Lviv,21.8,71,2023-05-14,990.0
238,Lviv,19.4,86,2023-05-15,981.0
239,Lviv,18.3,93,2023-05-16,981.7
240,Lviv,21.7,97,2023-05-17,983.5
241,Lviv,13.3,95,2023-05-18,991.7
242,Lviv,17.8,95,2023-05-19,992.6
243,Lviv,22.6,99,2023-05-20,992.3
244,Lviv,22.1,72,2023-05-21,989.4
245,Lviv,21.7,75,2023-05-22,987.0
246,Lviv,24.8,72,2023-05-23,982.4
247,Lviv,23.7,94,2023-05-24,984.8
248,Lviv,23.3,100,2023-05-25,988.0
249,Lviv,23.2,92,2023-05-26,988.0
250,Lviv,20.4,82,2023-05-27,989.4
251,Lviv,21.5,67,2023-05-28,988.2
252,Lviv,23.9,70,2023-05-29,985.6
253,Lviv,23.6,66,2023-05-30,987.0
254,Lviv,22.4,57,2023-05-31,989.0
255,Lviv,24.9,65,2023-06-01,985.7
256,Lviv,23.3,79,2023-06-02,984.9
257,Lviv,17.9,83,2023-06-03,989.7
258,Lviv,21.1,65,2023-06-04,988.9
259,Lviv,24.2,77,2023-06-05,989.4
260,Lviv,25.2,93,2023-06-06,986.8
261,Lviv,16.3,93,2023-06-07,985.7
262,Lviv,22.1,91,2023-06-08,984.5
263,Lviv,25.3,96,2023-06-09,982.4
264,Lviv,22.9,92,2023-06-10,983.2
265,Lviv,16.1,93,2023-06-11,987.3
266,Lviv,11.4,93,2023-06-12,986.7
267,Lviv,14.5,94,2023-06-13,984.4
268,Lviv,19.9,95,2023-06-14,983.1
269,Lviv,20.9,95,2023-06-15,984.4
270,Lviv,16.6,97,2023-06-16,982.3
271,Lviv,17.1,98,2023-06-17,981.1
272,Lviv,19.3,97,2023-06-18,983.5
273,Lviv,22.3,98,2023-06-19,984.4
274,Lviv,25.2,100,2023-06-20,985.6
275,Lviv,27.1,94,2023-06-21,986.6
276,Lviv,29.2,96,2023-06-22,986.8
277,Lviv,29.2,100,2023-06-23,984.4
278,Lviv,23.2,97,2023-06-24,986.2
279,Lviv,24.0,91,2023-06-25,985.6
280,Lviv,25.7,84,2023-06-26,982.6
281,Lviv,19.5,90,2023-06-27,979.4
282,Lviv,18.9,91,2023-06-28,979.7
283,Lviv,21.6,93,2023-06-29,980.8
284,Lviv,25.0,86,2023-06-30,980.2
285,Lviv,22.5,78,2023-07-01,976.4
286,Lviv,26.0,86,2023-07-02,978.3
287,Lviv,25.7,90,2023-07-03,981.6
288,Lviv,26.8,93,2023-07-04,983.7
289,Lviv,27.0,99,2023-07-05,985.0
290,Lviv,26.6,98,2023-07-06,984.9
291,Lviv,23.3,88,2023-07-07,989.1
292,Lviv,25.3,78,2023-07-08,989.6
293,Lviv,27.5,78,2023-07-09,987.3
294,Lviv,26.1,81,2023-07-10,987.5
295,Lviv,22.7,89,2023-07-11,984.5
296,Lviv,28.2,87,2023-07-12,983.6
297,Lviv,26.0,94,2023-07-13,982.5
298,Lviv,24.4,95,2023-07-14,985.8
299,Lviv,28.0,82,2023-07-15,986.6
300,Lviv,30.5,77,2023-07-16,985.3
301,Lviv,30.8,95,2023-07-17,985.8
302,Lviv,24.8,95,2023-07-18,986.3
303,Lviv,26.9,93,2023-07-19,982.9
304,Lviv,22.2,97,2023-07-20,980.4
305,Lviv,24.4,96,2023-07-21,982.6
306,Lviv,23.4,94,2023-07-22,982.5
307,Lviv,25.6,80,2023-07-23,984.7
308,Lviv,29.1,69,2023-07-24,980.9
309,Lviv,27.1,91,2023-07-25,973.2
310,Lviv,19.2,94,2023-07-26,974.3
311,Lviv,17.7,91,2023-07-27,979.0
312,Lviv,20.9,85,2023-07-28,978.9
313,Lviv,26.0,87,2023-07-29,979.9
314,Lviv,25.4,94,2023-07-30,979.3
315,Lviv,24.6,95,2023-07-31,979.8
316,Lviv,27.1,92,2023-08-01,978.5
317,Lviv,23.7,97,2023-08-02,974.7
318,Lviv,27.9,95,2023-08-03,978.1
319,Lviv,25.0,100,2023-08-04,981.2
320,Lviv,30.9,97,2023-08-05,979.5
321,Lviv,29.5,94,2023-08-06,972.0
322,Lviv,18.5,93,2023-08-07,977.9
323,Lviv,18.1,94,2023-08-08,984.2
324,Lviv,22.6,89,2023-08-09,986.0
325,Lviv,22.4,96,2023-08-10,988.3
326,Lviv,22.1,97,2023-08-11,989.6
327,Lviv,23.6,85,2023-08-12,990.1
328,Lviv,27.9,83,2023-08-13,988.3
329,Lviv,30.4,85,2023-08-14,990.3
330,Lviv,30.6,69,2023-08-15,990.4
331,Lviv,28.9,92,2023-08-16,989.3
332,Lviv,28.5,99,2023-08-17,989.0
333,Lviv,30.6,89,2023-08-18,987.8
334,Lviv,31.4,83,2023-08-19,987.8
335,Lviv,29.4,95,2023-08-20,988.5
336,Lviv,30.7,91,2023-08-21,988.9
337,Lviv,27.9,86,2023-08-22,988.6
338,Lviv,26.1,90,2023-08-23,985.9
339,Lviv,26.2,88,2023-08-24,986.3
340,Lviv,26.5,82,2023-08-25,983.6
341,Lviv,30.8,90,2023-08-26,981.9
342,Lviv,32.8,95,2023-08-27,980.6
343,Lviv,31.4,92,2023-08-28,978.2
344,Lviv,34.0,94,2023-08-29,974.4
345,Lviv,26.1,91,2023-08-30,974.8
346,Lviv,21.7,96,2023-08-31,982.5
347,Lviv,21.8,90,2023-09-01,986.6
348,Lviv,20.8,97,2023-09-02,989.3
349,Lviv,19.5,100,2023-09-03,989.5
350,Lviv,21.5,91,2023-09-04,993.7
351,Lviv,22.6,89,2023-09-05,994.7
352,Lviv,24.0,85,2023-09-06,993.2
353,Lviv,24.5,96,2023-09-07,993.9
354,Lviv,25.2,97,2023-09-08,992.8
355,Lviv,25.3,96,2023-09-09,989.4
356,Lviv,25.4,91,2023-09-10,988.7
357,Lviv,26.5,86,2023-09-11,985.6
358,Lviv,28.0,83,2023-09-12,983.6
359,Lviv,28.8,86,2023-09-13,983.4
360,Lviv,20.7,95,2023-09-14,986.2
361,Lviv,19.1,94,2023-09-15,991.0
362,Lviv,20.6,95,2023-09-16,991.6
363,Lviv,24.8,92,2023-09-17,989.2
364,Lviv,25.6,94,2023-09-18,987.9
365,Lviv,18.5,95,2023-09-19,982.2
366,Lviv,22.0,96,2023-09-20,985.1
367,Lviv,24.4,89,2023-09-21,984.0
368,Lviv,25.0,88,2023-09-22,979.9
369,Lviv,27.2,95,2023-09-23,984.5
370,Lviv,17.5,95,2023-09-24,993.2
371,Lviv,20.5,96,2023-09-25,995.1
372,Lviv,24.9,100,2023-09-26,995.1
373,Lviv,25.3,83,2023-09-27,994.7
374,Lviv,25.5,82,2023-09-28,992.0
375,Lviv,24.8,84,2023-09-29,991.3
376,Lviv,23.7,96,2023-09-30,988.8
377,Lviv,16.1,94,2023-10-01,991.0
378,Lviv,17.7,97,2023-10-02,992.6
379,Lviv,21.8,90,2023-10-03,990.8
380,Lviv,16.9,85,2023-10-04,992.6
381,Lviv,18.0,91,2023-10-05,992.4
382,Lviv,14.4,94,2023-10-06,993.3
383,Lviv,18.7,93,2023-10-07,987.2
384,Lviv,11.6,94,2023-10-08,989.7
385,Lviv,8.1,94,2023-10-09,990.5
386,Lviv,10.2,98,2023-10-10,990.3
387,Lviv,16.9,85,2023-10-11,989.9
388,Lviv,21.0,97,2023-10-12,984.9
389,Lviv,19.0,99,2023-10-13,986.6
390,Lviv,23.7,84,2023-10-14,982.3
391,Lviv,15.2,94,2023-10-15,980.8
392,Lviv,8.0,94,2023-10-16,987.6
393,Lviv,9.3,98,2023-10-17,989.8
394,Lviv,10.9,95,2023-10-18,986.2
395,Lviv,10.3,91,2023-10-19,980.3
396,Lviv,18.6,95,2023-10-20,966.5
397,Lviv,23.9,85,2023-10-21,976.6
398,Lviv,20.3,88,2023-10-22,979.4
399,Lviv,14.8,89,2023-10-23,984.5
400,Lviv,15.4,95,2023-10-24,983.4
401,Lviv,14.7,96,2023-10-25,971.9
402,Lviv,16.1,94,2023-10-26,968.1
403,Lviv,14.3,97,2023-10-27,966.0
404,Lviv,14.0,92,2023-10-28,976.4
405,Lviv,17.8,89,2023-10-29,979.6
406,Lviv,19.1,75,2023-10-30,979.1
407,Lviv,19.1,80,2023-10-31,977.0
408,Lviv,13.5,89,2023-11-01,979.3
409,Lviv,14.0,86,2023-11-02,978.5
410,Lviv,14.6,88,2023-11-03,969.8
411,Lviv,14.1,95,2023-11-04,967.0
412,Lviv,12.0,90,2023-11-05,963.1
413,Lviv,13.3,80,2023-11-06,980.3
414,Lviv,13.7,90,2023-11-07,983.7
415,Lviv,10.1,96,2023-11-08,982.8
416,Lviv,11.4,91,2023-11-09,984.9
417,Lviv,11.5,82,2023-11-10,982.0
418,Lviv,7.4,96,2023-11-11,971.6
419,Lviv,6.5,94,2023-11-12,977.6
420,Lviv,8.0,88,2023-11-13,980.8
421,Lviv,10.9,93,2023-11-14,974.1
422,Lviv,9.1,93,2023-11-15,977.0
423,Lviv,4.7,88,2023-11-16,983.7
424,Lviv,3.5,99,2023-11-17,980.3
425,Lviv,2.0,99,2023-11-18,988.4
426,Lviv,2.7,98,2023-11-19,987.9
427,Lviv,5.6,98,2023-11-20,976.6
428,Lviv,5.7,98,2023-11-21,981.7
429,Lviv,0.9,95,2023-11-22,992.9
430,Odesa,14.7,90,2023-04-22,1008.5
431,Odesa,15.5,93,2023-04-23,1011.3
432,Odesa,15.1,85,2023-04-24,1008.9
433,Odesa,13.9,91,2023-04-25,1005.4
434,Odesa,13.2,94,2023-04-26,1000.8
435,Odesa,9.9,88,2023-04-27,1006.4
436,Odesa,14.4,73,2023-04-28,1007.4
437,Odesa,14.1,76,2023-04-29,1007.1
438,Odesa,13.2,86,2023-04-30,1005.7
439,Odesa,18.0,75,2023-05-01,1014.9
440,Odesa,16.0,70,2023-05-02,1018.8
441,Odesa,15.4,85,2023-05-03,1020.7
442,Odesa,15.4,86,2023-05-04,1017.7
443,Odesa,19.2,79,2023-05-05,1012.8
444,Odesa,18.8,74,2023-05-06,1013.5
445,Odesa,16.7,70,2023-05-07,1013.7
446,Odesa,15.0,89,2023-05-08,1016.0
447,Odesa,13.2,81,2023-05-09,1017.2
448,Odesa,13.5,94,2023-05-10,1016.2
449,Odesa,15.6,98,2023-05-11,1017.4
450,Odesa,17.4,83,2023-05-12,1017.5
451,Odesa,19.0,64,2023-05-13,1016.4
452,Odesa,20.5,61,2023-05-14,1016.4
453,Odesa,18.4,79,2023-05-15,1013.0
454,Odesa,18.8,83,2023-05-16,1011.3
455,Odesa,21.4,71,2023-05-17,1010.1
456,Odesa,22.8,69,2023-05-18,1009.1
457,Odesa,24.8,61,2023-05-19,1010.7
458,Odesa,24.2,66,2023-05-20,1011.7
459,Odesa,23.7,77,2023-05-21,1008.6
460,Odesa,20.3,88,2023-05-22,1007.4
461,Odesa,21.8,85,2023-05-23,1005.7
462,Odesa,23.4,85,2023-05-24,1006.5
463,Odesa,21.8,89,2023-05-25,1008.2
464,Odesa,20.3,92,2023-05-26,1008.2
465,Odesa,19.1,94,2023-05-27,1007.7
466,Odesa,20.8,94,2023-05-28,1007.7
467,Odesa,22.9,90,2023-05-29,1007.5
468,Odesa,25.6,78,2023-05-30,1006.5
469,Odesa,26.2,82,2023-05-31,1008.6
470,Odesa,23.9,66,2023-06-01,1009.9
471,Odesa,23.6,74,2023-06-02,1007.1
472,Odesa,21.2,90,2023-06-03,1013.2
473,Odesa,21.5,63,2023-06-04,1015.5
474,Odesa,22.2,70,2023-06-05,1016.3
475,Odesa,23.0,75,2023-06-06,1016.5
476,Odesa,22.7,73,2023-06-07,1014.9
477,Odesa,22.8,77,2023-06-08,1012.2
478,Odesa,26.4,77,2023-06-09,1008.6
479,Odesa,26.4,81,2023-06-10,1003.6
480,Odesa,20.6,86,2023-06-11,1003.0
481,Odesa,20.6,84,2023-06-12,1004.9
482,Odesa,21.9,87,2023-06-13,1004.4
483,Odesa,23.5,88,2023-06-14,1006.4
484,Odesa,26.3,84,2023-06-15,1006.9
485,Odesa,25.4,81,2023-06-16,1004.8
486,Odesa,26.8,79,2023-06-17,1002.1
487,Odesa,27.3,69,2023-06-18,1004.3
488,Odesa,26.1,78,2023-06-19,1005.8
489,Odesa,26.8,80,2023-06-20,1008.1
490,Odesa,26.2,71,2023-06-21,1009.9
491,Odesa,26.5,82,2023-06-22,1012.4
492,Odesa,27.9,76,2023-06-23,1011.6
493,Odesa,28.7,84,2023-06-24,1008.9
494,Odesa,28.3,85,2023-06-25,1006.4
495,Odesa,26.9,88,2023-06-26,1002.9
496,Odesa,28.4,80,2023-06-27,1003.8
497,Odesa,21.8,86,2023-06-28,1005.3
498,Odesa,23.4,89,2023-06-29,1005.1
499,Odesa,25.9,81,2023-06-30,1003.3
500,Odesa,25.6,81,2023-07-01,1002.9
501,Odesa,26.2,91,2023-07-02,1002.1
502,Odesa,26.0,96,2023-07-03,1006.4
503,Odesa,27.1,97,2023-07-04,1009.1
504,Odesa,30.4,78,2023-07-05,1008.2
505,Odesa,31.5,75,2023-07-06,1004.9
506,Odesa,31.2,88,2023-07-07,1002.7
507,Odesa,25.1,89,2023-07-08,1003.7
508,Odesa,26.6,77,2023-07-09,1007.1
509,Odesa,26.9,70,2023-07-10,1007.9
510,Odesa,26.9,78,2023-07-11,1008.2
511,Odesa,26.4,83,2023-07-12,1009.6
512,Odesa,25.4,86,2023-07-13,1008.6
513,Odesa,27.7,86,2023-07-14,1009.1
514,Odesa,28.3,76,2023-07-15,1011.3
515,Odesa,27.4,76,2023-07-16,1012.0
516,Odesa,28.8,74,2023-07-17,1011.6
517,Odesa,29.6,76,2023-07-18,1008.4
518,Odesa,27.2,83,2023-07-19,1007.1
519,Odesa,27.0,90,2023-07-20,1003.3
520,Odesa,27.9,78,2023-07-21,1008.4
521,Odesa,26.4,87,2023-07-22,1008.9
522,Odesa,26.9,89,2023-07-23,1009.1
523,Odesa,26.1,86,2023-07-24,1008.8
524,Odesa,27.0,88,2023-07-25,1003.2
525,Odesa,26.3,90,2023-07-26,998.7
526,Odesa,24.0,93,2023-07-27,999.6
527,Odesa,25.4,77,2023-07-28,1004.7
528,Odesa,27.3,73,2023-07-29,1005.0
529,Odesa,27.5,75,2023-07-30,1005.1
530,Odesa,25.6,88,2023-07-31,1003.8
531,Odesa,26.6,92,2023-08-01,1003.7
532,Odesa,25.2,95,2023-08-02,1001.7
533,Odesa,26.2,98,2023-08-03,1005.0
534,Odesa,26.3,96,2023-08-04,1008.0
535,Odesa,29.8,88,2023-08-05,1007.6
536,Odesa,29.0,87,2023-08-06,999.9
537,Odesa,28.4,86,2023-08-07,1003.1
538,Odesa,22.5,90,2023-08-08,1009.1
539,Odesa,26.1,96,2023-08-09,1011.4
540,Odesa,26.6,78,2023-08-10,1011.3
541,Odesa,25.0,76,2023-08-11,1009.2
542,Odesa,27.6,70,2023-08-12,1012.2
543,Odesa,26.9,76,2023-08-13,1013.8
544,Odesa,27.1,75,2023-08-14,1015.8
545,Odesa,28.5,70,2023-08-15,1015.6
546,Odesa,29.8,76,2023-08-16,1013.5
547,Odesa,30.2,75,2023-08-17,1011.0
548,Odesa,29.3,71,2023-08-18,1011.9
549,Odesa,30.4,70,2023-08-19,1011.9
550,Odesa,33.0,65,2023-08-20,1010.2
551,Odesa,33.4,61,2023-08-21,1009.2
552,Odesa,32.3,74,2023-08-22,1009.9
553,Odesa,29.3,77,2023-08-23,1009.9
554,Odesa,27.4,92,2023-08-24,1009.1
555,Odesa,27.4,95,2023-08-25,1009.2
556,Odesa,27.7,92,2023-08-26,1009.1
557,Odesa,30.6,85,2023-08-27,1007.5
558,Odesa,32.8,75,2023-08-28,1003.3
559,Odesa,29.8,83,2023-08-29,1002.0
560,Odesa,27.0,79,2023-08-30,1002.7
561,Odesa,27.3,87,2023-08-31,1003.8
562,Odesa,27.2,84,2023-09-01,1011.1
563,Odesa,27.8,81,2023-09-02,1013.3
564,Odesa,26.5,68,2023-09-03,1012.8
565,Odesa,27.9,78,2023-09-04,1010.6
566,Odesa,27.0,70,2023-09-05,1013.0
567,Odesa,27.4,73,2023-09-06,1015.0
568,Odesa,27.3,72,2023-09-07,1015.6
569,Odesa,24.6,61,2023-09-08,1017.0
570,Odesa,25.5,59,2023-09-09,1015.2
571,Odesa,20.9,66,2023-09-10,1016.7
572,Odesa,21.8,79,2023-09-11,1013.5
573,Odesa,23.3,84,2023-09-12,1012.3
574,Odesa,24.6,78,2023-09-13,1012.5
575,Odesa,24.6,84,2023-09-14,1010.5
576,Odesa,25.2,79,2023-09-15,1012.5
577,Odesa,23.7,82,2023-09-16,1017.2
578,Odesa,23.4,75,2023-09-17,1018.2
579,Odesa,22.7,75,2023-09-18,1017.4
580,Odesa,23.1,87,2023-09-19,1014.0
581,Odesa,22.4,94,2023-09-20,1011.5
582,Odesa,24.2,88,2023-09-21,1011.4
583,Odesa,22.7,87,2023-09-22,1011.7
584,Odesa,23.4,91,2023-09-23,1013.1
585,Odesa,24.3,91,2023-09-24,1013.5
586,Odesa,27.4,81,2023-09-25,1016.2
587,Odesa,26.8,54,2023-09-26,1017.7
588,Odesa,26.2,57,2023-09-27,1016.8
589,Odesa,27.3,59,2023-09-28,1014.7
590,Odesa,26.3,55,2023-09-29,1013.9
591,Odesa,24.5,58,2023-09-30,1012.7
592,Odesa,25.7,66,2023-10-01,1010.4
593,Odesa,20.5,67,2023-10-02,1016.5
594,Odesa,19.9,73,2023-10-03,1019.1
595,Odesa,21.8,76,2023-10-04,1015.8
596,Odesa,21.0,76,2023-10-05,1019.1
597,Odesa,20.9,87,2023-10-06,1016.8
598,Odesa,22.3,64,2023-10-07,1017.1
599,Odesa,18.7,85,2023-10-08,1011.2
600,Odesa,12.7,77,2023-10-09,1015.4
601,Odesa,13.5,65,2023-10-10,1018.5
602,Odesa,14.0,68,2023-10-11,1022.5
603,Odesa,18.4,79,2023-10-12,1018.6
604,Odesa,19.2,90,2023-10-13,1013.8
605,Odesa,19.1,93,2023-10-14,1013.3
606,Odesa,19.3,92,2023-10-15,1006.3
607,Odesa,16.0,94,2023-10-16,1014.7
608,Odesa,13.2,86,2023-10-17,1017.0
609,Odesa,14.2,83,2023-10-18,1015.1
610,Odesa,18.3,75,2023-10-19,1009.6
611,Odesa,19.9,82,2023-10-20,1001.6
612,Odesa,24.8,91,2023-10-21,1004.9
613,Odesa,22.4,93,2023-10-22,1006.5
614,Odesa,22.7,74,2023-10-23,1010.0
615,Odesa,17.4,88,2023-10-24,1011.9
616,Odesa,18.7,91,2023-10-25,1005.2
617,Odesa,19.6,93,2023-10-26,997.2
618,Odesa,20.1,85,2023-10-27,996.2
619,Odesa,21.1,64,2023-10-28,1004.5
620,Odesa,19.9,80,2023-10-29,1012.7
621,Odesa,20.4,91,2023-10-30,1013.9
622,Odesa,18.9,96,2023-10-31,1010.9
623,Odesa,18.4,93,2023-11-01,1006.4
624,Odesa,14.0,93,2023-11-02,1008.0
625,Odesa,16.6,87,2023-11-03,1004.3
626,Odesa,19.1,95,2023-11-04,997.3
627,Odesa,16.6,90,2023-11-05,997.7
628,Odesa,20.0,82,2023-11-06,1008.3
629,Odesa,17.7,87,2023-11-07,1015.0
630,Odesa,17.0,91,2023-11-08,1011.4
631,Odesa,13.4,85,2023-11-09,1015.6
632,Odesa,15.2,80,2023-11-10,1015.9
633,Odesa,16.2,92,2023-11-11,1006.0
634,Odesa,12.1,85,2023-11-12,1005.9
635,Odesa,11.9,86,2023-11-13,1010.4
636,Odesa,12.3,87,2023-11-14,1006.9
637,Odesa,11.2,96,2023-11-15,1000.9
638,Odesa,10.6,96,2023-11-16,1010.4
639,Odesa,8.2,87,2023-11-17,1011.2
640,Odesa,6.4,87,2023-11-18,1004.4
641,Odesa,3.8,90,2023-11-19,1003.4
642,Odesa,4.0,85,2023-11-20,1005.1
643,Odesa,9.5,91,2023-11-21,1007.5
644,Odesa,8.7,94,2023-11-22,1015.6
645,Kharkiv,11.8,90,2023-04-22,998.7
646,Kharkiv,17.3,87,2023-04-23,1002.8
647,Kharkiv,18.0,95,2023-04-24,1002.6
648,Kharkiv,14.3,89,2023-04-25,998.2
649,Kharkiv,20.4,88,2023-04-26,996.1
650,Kharkiv,21.3,90,2023-04-27,996.3
651,Kharkiv,16.4,100,2023-04-28,996.4
652,Kharkiv,11.3,89,2023-04-29,1000.4
653,Kharkiv,8.0,91,2023-04-30,995.7
654,Kharkiv,12.2,92,2023-05-01,1006.1
655,Kharkiv,15.3,88,2023-05-02,1011.2
656,Kharkiv,20.8,69,2023-05-03,1012.6
657,Kharkiv,22.8,72,2023-05-04,1009.6
658,Kharkiv,21.5,74,2023-05-05,1005.0
659,Kharkiv,14.6,74,2023-05-06,1010.1
660,Kharkiv,13.5,54,2023-05-07,1011.1
661,Kharkiv,13.1,45,2023-05-08,1012.1
662,Kharkiv,15.0,48,2023-05-09,1011.9
663,Kharkiv,12.9,53,2023-05-10,1008.9
664,Kharkiv,16.2,57,2023-05-11,1007.5
665,Kharkiv,19.2,61,2023-05-12,1009.0
666,Kharkiv,22.6,73,2023-05-13,1009.3
667,Kharkiv,24.1,61,2023-05-14,1006.1
668,Kharkiv,23.8,68,2023-05-15,1005.1
669,Kharkiv,23.2,63,2023-05-16,1006.1
670,Kharkiv,24.3,61,2023-05-17,1007.4
671,Kharkiv,25.8,69,2023-05-18,1005.3
672,Kharkiv,25.8,58,2023-05-19,1006.0
673,Kharkiv,25.1,74,2023-05-20,1006.4
674,Kharkiv,20.1,76,2023-05-21,1005.7
675,Kharkiv,22.7,82,2023-05-22,1002.3
676,Kharkiv,19.0,90,2023-05-23,1000.4
677,Kharkiv,21.2,94,2023-05-24,1000.5
678,Kharkiv,21.7,95,2023-05-25,1000.8
679,Kharkiv,24.1,95,2023-05-26,1000.8
680,Kharkiv,23.6,92,2023-05-27,999.3
681,Kharkiv,24.5,86,2023-05-28,1002.3
682,Kharkiv,23.9,54,2023-05-29,1003.9
683,Kharkiv,16.9,85,2023-05-30,1000.0
684,Kharkiv,23.9,81,2023-05-31,1001.1
685,Kharkiv,22.7,68,2023-06-01,1002.2
686,Kharkiv,25.7,70,2023-06-02,999.5
687,Kharkiv,25.0,73,2023-06-03,1006.1
688,Kharkiv,19.5,79,2023-06-04,1008.6
689,Kharkiv,20.0,75,2023-06-05,1008.9
690,Kharkiv,23.3,70,2023-06-06,1008.7
691,Kharkiv,26.7,59,2023-06-07,1007.4
692,Kharkiv,26.0,66,2023-06-08,1006.2
693,Kharkiv,27.3,74,2023-06-09,1004.6
694,Kharkiv,27.9,74,2023-06-10,1000.4
695,Kharkiv,20.7,86,2023-06-11,1000.4
696,Kharkiv,15.1,89,2023-06-12,1001.3
697,Kharkiv,22.0,82,2023-06-13,1000.4
698,Kharkiv,18.6,94,2023-06-14,998.6
699,Kharkiv,25.7,92,2023-06-15,998.1
700,Kharkiv,26.8,81,2023-06-16,997.0
701,Kharkiv,28.3,59,2023-06-17,996.3
702,Kharkiv,28.3,70,2023-06-18,1000.6
703,Kharkiv,26.1,70,2023-06-19,1001.6
704,Kharkiv,27.7,78,2023-06-20,1000.7
705,Kharkiv,26.9,80,2023-06-21,1004.1
706,Kharkiv,26.8,70,2023-06-22,1006.6
707,Kharkiv,28.7,84,2023-06-23,1003.1
708,Kharkiv,28.6,84,2023-06-24,998.6
709,Kharkiv,26.0,77,2023-06-25,998.0
710,Kharkiv,17.4,97,2023-06-26,995.9
711,Kharkiv,17.9,97,2023-06-27,992.4
712,Kharkiv,21.2,92,2023-06-28,994.4
713,Kharkiv,22.9,90,2023-06-29,994.0
714,Kharkiv,21.6,94,2023-06-30,988.6
715,Kharkiv,27.2,93,2023-07-01,992.2
716,Kharkiv,29.1,73,2023-07-02,993.3
717,Kharkiv,28.4,91,2023-07-03,999.3
718,Kharkiv,29.0,93,2023-07-04,1002.2
719,Kharkiv,32.5,92,2023-07-05,1002.8
720,Kharkiv,33.1,78,2023-07-06,1002.3
721,Kharkiv,33.6,71,2023-07-07,1000.2
722,Kharkiv,27.7,94,2023-07-08,995.2
723,Kharkiv,21.0,95,2023-07-09,993.6
724,Kharkiv,24.7,81,2023-07-10,994.8
725,Kharkiv,22.7,84,2023-07-11,997.9
726,Kharkiv,21.3,78,2023-07-12,1000.2
727,Kharkiv,26.6,75,2023-07-13,1001.2
728,Kharkiv,25.2,91,2023-07-14,996.4
729,Kharkiv,26.0,92,2023-07-15,1000.4
730,Kharkiv,25.8,77,2023-07-16,1002.1
731,Kharkiv,28.0,78,2023-07-17,1003.0
732,Kharkiv,29.6,91,2023-07-18,1001.0
733,Kharkiv,24.2,79,2023-07-19,997.0
734,Kharkiv,27.4,87,2023-07-20,996.4
735,Kharkiv,24.5,88,2023-07-21,1000.2
736,Kharkiv,25.6,86,2023-07-22,1001.0
737,Kharkiv,24.5,90,2023-07-23,998.8
738,Kharkiv,25.7,90,2023-07-24,999.9
739,Kharkiv,29.4,77,2023-07-25,996.9
740,Kharkiv,31.8,71,2023-07-26,992.5
741,Kharkiv,33.1,88,2023-07-27,992.0
742,Kharkiv,23.2,91,2023-07-28,990.3
743,Kharkiv,25.1,86,2023-07-29,995.1
744,Kharkiv,26.6,88,2023-07-30,996.7
745,Kharkiv,27.1,99,2023-07-31,996.6
746,Kharkiv,29.0,100,2023-08-01,996.7
747,Kharkiv,28.8,83,2023-08-02,995.1
748,Kharkiv,30.0,86,2023-08-03,997.9
749,Kharkiv,29.8,94,2023-08-04,1002.6
750,Kharkiv,31.8,92,2023-08-05,1004.0
751,Kharkiv,35.4,73,2023-08-06,1000.9
752,Kharkiv,35.1,72,2023-08-07,994.4
753,Kharkiv,26.7,79,2023-08-08,997.6
754,Kharkiv,24.9,86,2023-08-09,1004.2
755,Kharkiv,29.1,80,2023-08-10,1004.8
756,Kharkiv,26.4,96,2023-08-11,1001.4
757,Kharkiv,24.0,97,2023-08-12,1003.7
758,Kharkiv,25.9,82,2023-08-13,1006.5
759,Kharkiv,27.8,90,2023-08-14,1008.6
760,Kharkiv,30.6,95,2023-08-15,1009.6
761,Kharkiv,29.7,90,2023-08-16,1007.7
762,Kharkiv,28.5,78,2023-08-17,1006.8
763,Kharkiv,30.5,79,2023-08-18,1006.4
764,Kharkiv,34.0,78,2023-08-19,1006.1
765,Kharkiv,34.0,85,2023-08-20,1004.8
766,Kharkiv,28.3,84,2023-08-21,1000.6
767,Kharkiv,26.3,90,2023-08-22,1000.3
768,Kharkiv,24.5,83,2023-08-23,1000.7
769,Kharkiv,25.1,80,2023-08-24,1001.8
770,Kharkiv,24.3,84,2023-08-25,1002.5
771,Kharkiv,26.5,84,2023-08-26,1003.5
772,Kharkiv,29.9,89,2023-08-27,999.3
773,Kharkiv,30.5,89,2023-08-28,995.6
774,Kharkiv,26.7,74,2023-08-29,999.1
775,Kharkiv,28.4,64,2023-08-30,1000.1
776,Kharkiv,29.5,57,2023-08-31,999.7
777,Kharkiv,29.5,92,2023-09-01,999.9
778,Kharkiv,24.5,94,2023-09-02,1005.1
779,Kharkiv,24.4,76,2023-09-03,1005.2
780,Kharkiv,26.5,85,2023-09-04,1004.2
781,Kharkiv,24.9,87,2023-09-05,1006.0
782,Kharkiv,24.7,86,2023-09-06,1006.6
783,Kharkiv,21.4,81,2023-09-07,1009.3
784,Kharkiv,20.4,77,2023-09-08,1009.8
785,Kharkiv,16.0,80,2023-09-09,1007.4
786,Kharkiv,18.9,86,2023-09-10,1007.8
787,Kharkiv,22.0,90,2023-09-11,1006.0
788,Kharkiv,21.1,94,2023-09-12,1005.1
789,Kharkiv,20.9,91,2023-09-13,1006.2
790,Kharkiv,21.8,87,2023-09-14,1005.0
791,Kharkiv,14.8,84,2023-09-15,1006.7
792,Kharkiv,22.3,88,2023-09-16,1011.2
793,Kharkiv,22.8,96,2023-09-17,1012.3
794,Kharkiv,24.0,98,2023-09-18,1010.4
795,Kharkiv,24.4,93,2023-09-19,1008.8
796,Kharkiv,25.7,77,2023-09-20,1007.5
797,Kharkiv,25.7,66,2023-09-21,1007.5
798,Kharkiv,26.1,81,2023-09-22,1008.7
799,Kharkiv,26.2,62,2023-09-23,1010.1
800,Kharkiv,26.8,60,2023-09-24,1010.5
801,Kharkiv,26.7,86,2023-09-25,1012.9
802,Kharkiv,26.2,69,2023-09-26,1013.9
803,Kharkiv,26.6,81,2023-09-27,1013.3
804,Kharkiv,25.6,73,2023-09-28,1012.7
805,Kharkiv,24.7,80,2023-09-29,1011.2
806,Kharkiv,25.1,92,2023-09-30,1008.1
807,Kharkiv,25.1,94,2023-10-01,1003.4
808,Kharkiv,17.5,90,2023-10-02,1005.0
809,Kharkiv,16.6,91,2023-10-03,1009.0
810,Kharkiv,20.8,91,2023-10-04,1008.2
811,Kharkiv,18.2,94,2023-10-05,1006.9
812,Kharkiv,15.4,80,2023-10-06,1003.7
813,Kharkiv,14.1,85,2023-10-07,1004.1
814,Kharkiv,13.7,88,2023-10-08,990.6
815,Kharkiv,7.3,73,2023-10-09,1000.8
816,Kharkiv,9.3,82,2023-10-10,1008.1
817,Kharkiv,9.1,85,2023-10-11,1014.1
818,Kharkiv,15.9,74,2023-10-12,1011.1
819,Kharkiv,14.4,100,2023-10-13,1006.2
820,Kharkiv,16.8,100,2023-10-14,1006.8
821,Kharkiv,19.2,90,2023-10-15,999.8
822,Kharkiv,12.8,88,2023-10-16,995.7
823,Kharkiv,8.2,87,2023-10-17,1005.2
824,Kharkiv,10.5,83,2023-10-18,1005.6
825,Kharkiv,11.3,86,2023-10-19,1000.6
826,Kharkiv,14.6,94,2023-10-20,996.0
827,Kharkiv,14.7,97,2023-10-21,1004.4
828,Kharkiv,9.9,97,2023-10-22,1005.4
829,Kharkiv,18.9,97,2023-10-23,998.0
830,Kharkiv,12.8,92,2023-10-24,1000.1
831,Kharkiv,7.9,95,2023-10-25,1001.3
832,Kharkiv,8.5,99,2023-10-26,990.4
833,Kharkiv,14.5,99,2023-10-27,989.2
834,Kharkiv,17.4,96,2023-10-28,990.6
835,Kharkiv,11.5,89,2023-10-29,1005.4
836,Kharkiv,18.6,92,2023-10-30,1006.7
837,Kharkiv,19.3,90,2023-10-31,1003.9
838,Kharkiv,17.7,95,2023-11-01,1000.6
839,Kharkiv,13.4,98,2023-11-02,1000.5
840,Kharkiv,9.2,100,2023-11-03,1001.7
841,Kharkiv,13.5,93,2023-11-04,997.8
842,Kharkiv,15.1,93,2023-11-05,991.1
843,Kharkiv,15.0,95,2023-11-06,994.9
844,Kharkiv,13.7,86,2023-11-07,1004.6
845,Kharkiv,11.5,97,2023-11-08,1004.8
846,Kharkiv,11.0,95,2023-11-09,1003.6
847,Kharkiv,8.4,93,2023-11-10,1009.6
848,Kharkiv,7.2,96,2023-11-11,1007.4
849,Kharkiv,13.5,95,2023-11-12,990.0
850,Kharkiv,8.3,85,2023-11-13,998.1
851,Kharkiv,8.8,93,2023-11-14,997.7
852,Kharkiv,9.3,94,2023-11-15,989.8
853,Kharkiv,8.1,96,2023-11-16,994.2
854,Kharkiv,5.6,94,2023-11-17,1002.9
855,Kharkiv,2.3,88,2023-11-18,1006.7
856,Kharkiv,0.1,94,2023-11-19,1005.3
857,Kharkiv,-0.6,91,2023-11-20,993.9
858,Kharkiv,-2.6,80,2023-11-21,1003.4
859,Kharkiv,-3.7,84,2023-11-22,1004.8
860,Dnipro,12.6,94,2023-04-22,1007.3
861,Dnipro,17.0,100,2023-04-23,1010.5
862,Dnipro,17.9,100,2023-04-24,1009.4
863,Dnipro,16.4,87,2023-04-25,1005.0
864,Dnipro,20.6,84,2023-04-26,1003.3
865,Dnipro,20.3,95,2023-04-27,1002.6
866,Dnipro,13.0,96,2023-04-28,1003.5
867,Dnipro,11.6,89,2023-04-29,1006.1
868,Dnipro,10.2,92,2023-04-30,1003.2
869,Dnipro,13.4,92,2023-05-01,1014.0
870,Dnipro,16.1,84,2023-05-02,1019.2
871,Dnipro,20.7,84,2023-05-03,1021.0
872,Dnipro,22.4,77,2023-05-04,1018.6
873,Dnipro,22.2,76,2023-05-05,1013.0
874,Dnipro,17.9,77,2023-05-06,1015.6
875,Dnipro,15.3,60,2023-05-07,1016.1
876,Dnipro,15.5,52,2023-05-08,1017.8
877,Dnipro,13.6,70,2023-05-09,1017.9
878,Dnipro,12.7,74,2023-05-10,1016.4
879,Dnipro,16.1,70,2023-05-11,1016.3
880,Dnipro,19.9,68,2023-05-12,1017.4
881,Dnipro,21.9,70,2023-05-13,1016.7
882,Dnipro,23.8,67,2023-05-14,1014.9
883,Dnipro,25.3,68,2023-05-15,1012.3
884,Dnipro,24.4,72,2023-05-16,1012.5
885,Dnipro,24.4,60,2023-05-17,1013.4
886,Dnipro,26.2,70,2023-05-18,1011.5
887,Dnipro,27.1,63,2023-05-19,1012.3
888,Dnipro,27.8,66,2023-05-20,1013.0
889,Dnipro,23.5,83,2023-05-21,1010.5
890,Dnipro,23.9,85,2023-05-22,1008.2
891,Dnipro,19.5,91,2023-05-23,1006.5
892,Dnipro,22.2,96,2023-05-24,1007.0
893,Dnipro,21.4,95,2023-05-25,1007.9
894,Dnipro,23.7,97,2023-05-26,1008.0
895,Dnipro,20.4,99,2023-05-27,1007.0
896,Dnipro,22.9,100,2023-05-28,1008.3
897,Dnipro,24.3,93,2023-05-29,1009.2
898,Dnipro,17.9,95,2023-05-30,1005.6
899,Dnipro,23.8,88,2023-05-31,1007.6
900,Dnipro,23.8,68,2023-06-01,1009.0
901,Dnipro,26.2,84,2023-06-02,1007.4
902,Dnipro,26.7,79,2023-06-03,1013.4
903,Dnipro,20.7,73,2023-06-04,1015.4
904,Dnipro,22.0,65,2023-06-05,1016.2
905,Dnipro,23.9,73,2023-06-06,1016.7
906,Dnipro,25.8,76,2023-06-07,1015.5
907,Dnipro,26.5,77,2023-06-08,1013.8
908,Dnipro,27.7,73,2023-06-09,1011.2
909,Dnipro,27.1,73,2023-06-10,1006.3
910,Dnipro,20.6,91,2023-06-11,1004.2
911,Dnipro,18.8,91,2023-06-12,1006.2
912,Dnipro,23.1,87,2023-06-13,1006.0
913,Dnipro,21.9,86,2023-06-14,1004.9
914,Dnipro,25.0,92,2023-06-15,1005.2
915,Dnipro,26.4,86,2023-06-16,1004.6
916,Dnipro,27.5,68,2023-06-17,1002.7
917,Dnipro,29.3,66,2023-06-18,1006.7
918,Dnipro,26.6,62,2023-06-19,1007.7
919,Dnipro,28.2,69,2023-06-20,1008.4
920,Dnipro,25.5,89,2023-06-21,1010.7
921,Dnipro,27.4,89,2023-06-22,1013.8
922,Dnipro,30.1,82,2023-06-23,1011.8
923,Dnipro,31.3,88,2023-06-24,1007.4
924,Dnipro,24.9,98,2023-06-25,1006.1
925,Dnipro,21.9,98,2023-06-26,1001.4
926,Dnipro,23.1,82,2023-06-27,1001.1
927,Dnipro,22.5,84,2023-06-28,1003.3
928,Dnipro,22.8,86,2023-06-29,1003.2
929,Dnipro,24.3,89,2023-06-30,998.6
930,Dnipro,27.9,80,2023-07-01,1001.0
931,Dnipro,30.1,69,2023-07-02,1002.3
932,Dnipro,30.9,84,2023-07-03,1006.3
933,Dnipro,30.8,82,2023-07-04,1008.7
934,Dnipro,33.7,82,2023-07-05,1009.0
935,Dnipro,35.4,70,2023-07-06,1007.5
936,Dnipro,34.9,61,2023-07-07,1005.6
937,Dnipro,29.9,92,2023-07-08,1000.5
938,Dnipro,21.4,96,2023-07-09,1002.3
939,Dnipro,25.1,81,2023-07-10,1003.7
940,Dnipro,23.6,84,2023-07-11,1006.2
941,Dnipro,24.2,80,2023-07-12,1009.4
942,Dnipro,28.6,87,2023-07-13,1010.0
943,Dnipro,27.2,86,2023-07-14,1005.0
944,Dnipro,27.1,83,2023-07-15,1009.4
945,Dnipro,26.5,74,2023-07-16,1010.9
946,Dnipro,29.3,76,2023-07-17,1011.4
947,Dnipro,30.7,88,2023-07-18,1008.9
948,Dnipro,26.1,87,2023-07-19,1006.1
949,Dnipro,25.2,89,2023-07-20,1004.7
950,Dnipro,25.7,90,2023-07-21,1008.8
951,Dnipro,26.1,91,2023-07-22,1009.5
952,Dnipro,24.6,80,2023-07-23,1007.4
953,Dnipro,26.3,80,2023-07-24,1008.2
954,Dnipro,31.1,77,2023-07-25,1005.1
955,Dnipro,33.3,72,2023-07-26,1000.9
956,Dnipro,32.5,93,2023-07-27,998.4
957,Dnipro,21.0,94,2023-07-28,1000.9
958,Dnipro,26.1,85,2023-07-29,1003.8
959,Dnipro,27.7,90,2023-07-30,1004.8
960,Dnipro,30.3,79,2023-07-31,1003.9
961,Dnipro,30.3,84,2023-08-01,1003.4
962,Dnipro,29.7,89,2023-08-02,1002.0
963,Dnipro,29.5,83,2023-08-03,1006.0
964,Dnipro,32.2,92,2023-08-04,1009.5
965,Dnipro,33.7,80,2023-08-05,1010.6
966,Dnipro,37.4,66,2023-08-06,1005.7
967,Dnipro,32.7,64,2023-08-07,1002.4
968,Dnipro,27.9,77,2023-08-08,1005.1
969,Dnipro,25.2,89,2023-08-09,1011.1
970,Dnipro,27.9,92,2023-08-10,1011.5
971,Dnipro,23.5,94,2023-08-11,1007.5
972,Dnipro,25.7,92,2023-08-12,1012.2
973,Dnipro,27.1,92,2023-08-13,1014.5
974,Dnipro,28.1,88,2023-08-14,1016.2
975,Dnipro,30.2,89,2023-08-15,1017.2
976,Dnipro,30.4,84,2023-08-16,1014.9
977,Dnipro,30.1,75,2023-08-17,1012.7
978,Dnipro,29.8,76,2023-08-18,1013.1
979,Dnipro,34.1,78,2023-08-19,1012.3
980,Dnipro,35.4,66,2023-08-20,1011.1
981,Dnipro,31.5,79,2023-08-21,1008.2
982,Dnipro,29.8,88,2023-08-22,1008.4
983,Dnipro,25.8,78,2023-08-23,1009.1
984,Dnipro,27.0,78,2023-08-24,1010.1
985,Dnipro,27.6,81,2023-08-25,1009.8
986,Dnipro,30.2,88,2023-08-26,1010.5
987,Dnipro,32.1,83,2023-08-27,1007.0
988,Dnipro,32.1,81,2023-08-28,1003.1
989,Dnipro,30.6,87,2023-08-29,1005.6
990,Dnipro,28.7,68,2023-08-30,1006.6
991,Dnipro,32.4,61,2023-08-31,1005.4
992,Dnipro,24.7,95,2023-09-01,1008.3
993,Dnipro,25.4,93,2023-09-02,1012.9
994,Dnipro,25.4,79,2023-09-03,1012.7
995,Dnipro,27.9,80,2023-09-04,1010.9
996,Dnipro,25.9,84,2023-09-05,1012.5
997,Dnipro,26.6,84,2023-09-06,1014.4
998,Dnipro,24.8,75,2023-09-07,1016.6
999,Dnipro,22.1,68,2023-09-08,1017.4
1000,Dnipro,18.9,67,2023-09-09,1015.7
1001,Dnipro,19.8,82,2023-09-10,1016.3
1002,Dnipro,22.5,88,2023-09-11,1014.0
1003,Dnipro,23.7,86,2023-09-12,1012.2
1004,Dnipro,24.0,87,2023-09-13,1013.0
1005,Dnipro,24.8,62,2023-09-14,1011.5
1006,Dnipro,20.9,92,2023-09-15,1012.7
1007,Dnipro,21.7,87,2023-09-16,1018.3
1008,Dnipro,23.0,81,2023-09-17,1019.2
1009,Dnipro,24.8,85,2023-09-18,1018.1
1010,Dnipro,25.5,92,2023-09-19,1016.0
1011,Dnipro,26.5,75,2023-09-20,1014.3
1012,Dnipro,26.3,71,2023-09-21,1013.9
1013,Dnipro,27.6,79,2023-09-22,1014.3
1014,Dnipro,27.3,59,2023-09-23,1015.4
1015,Dnipro,27.7,64,2023-09-24,1016.4
1016,Dnipro,27.3,70,2023-09-25,1019.1
1017,Dnipro,26.8,68,2023-09-26,1020.4
1018,Dnipro,27.5,70,2023-09-27,1019.6
1019,Dnipro,27.4,66,2023-09-28,1018.2
1020,Dnipro,26.8,68,2023-09-29,1017.0
1021,Dnipro,25.5,72,2023-09-30,1014.7
1022,Dnipro,25.8,85,2023-10-01,1010.3
1023,Dnipro,19.2,93,2023-10-02,1013.4
1024,Dnipro,18.0,82,2023-10-03,1017.5
1025,Dnipro,21.6,86,2023-10-04,1016.6
1026,Dnipro,19.8,84,2023-10-05,1016.5
1027,Dnipro,18.4,76,2023-10-06,1013.6
1028,Dnipro,17.5,78,2023-10-07,1014.1
1029,Dnipro,16.0,93,2023-10-08,1002.8
1030,Dnipro,9.5,74,2023-10-09,1011.3
1031,Dnipro,11.2,85,2023-10-10,1017.3
1032,Dnipro,10.7,87,2023-10-11,1023.2
1033,Dnipro,16.4,85,2023-10-12,1020.8
1034,Dnipro,15.3,100,2023-10-13,1014.6
1035,Dnipro,19.7,100,2023-10-14,1015.0
1036,Dnipro,19.7,89,2023-10-15,1008.3
1037,Dnipro,12.5,93,2023-10-16,1008.1
1038,Dnipro,10.4,90,2023-10-17,1015.5
1039,Dnipro,12.2,94,2023-10-18,1015.4
1040,Dnipro,14.9,80,2023-10-19,1010.0
1041,Dnipro,18.8,94,2023-10-20,1005.1
1042,Dnipro,23.5,96,2023-10-21,1009.6
1043,Dnipro,16.8,94,2023-10-22,1010.9
1044,Dnipro,21.5,92,2023-10-23,1007.0
1045,Dnipro,15.6,87,2023-10-24,1009.3
1046,Dnipro,11.6,93,2023-10-25,1009.2
1047,Dnipro,17.6,99,2023-10-26,997.9
1048,Dnipro,19.5,98,2023-10-27,995.6
1049,Dnipro,19.4,96,2023-10-28,1002.6
1050,Dnipro,16.8,93,2023-10-29,1014.1
1051,Dnipro,20.0,91,2023-10-30,1015.4
1052,Dnipro,20.3,88,2023-10-31,1012.5
1053,Dnipro,18.4,95,2023-11-01,1007.5
1054,Dnipro,12.9,91,2023-11-02,1008.1
1055,Dnipro,11.9,96,2023-11-03,1008.1
1056,Dnipro,17.9,97,2023-11-04,1002.9
1057,Dnipro,16.4,90,2023-11-05,997.1
1058,Dnipro,16.3,94,2023-11-06,1005.8
1059,Dnipro,16.0,76,2023-11-07,1013.9
1060,Dnipro,13.5,95,2023-11-08,1013.7
1061,Dnipro,11.1,88,2023-11-09,1014.1
1062,Dnipro,11.5,96,2023-11-10,1018.5
1063,Dnipro,11.9,93,2023-11-11,1014.1
1064,Dnipro,14.0,93,2023-11-12,1002.0
1065,Dnipro,9.9,91,2023-11-13,1008.1
1066,Dnipro,10.1,93,2023-11-14,1006.9
1067,Dnipro,9.8,92,2023-11-15,999.5
1068,Dnipro,9.1,96,2023-11-16,1004.9
1069,Dnipro,6.2,95,2023-11-17,1009.4
1070,Dnipro,5.1,92,2023-11-18,1010.2
1071,Dnipro,2.9,98,2023-11-19,1008.2
1072,Dnipro,0.9,96,2023-11-20,1002.8
1073,Dnipro,0.2,87,2023-11-21,1011.9
1074,Dnipro,-0.9,90,2023-11-22,1013.7
1075,Donetsk,10.4,92,2023-04-22,988.1
1076,Donetsk,13.1,99,2023-04-23,992.1
1077,Donetsk,17.1,100,2023-04-24,991.7
1078,Donetsk,12.0,95,2023-04-25,986.6
1079,Donetsk,18.8,92,2023-04-26,987.4
1080,Donetsk,21.3,85,2023-04-27,985.3
1081,Donetsk,17.2,95,2023-04-28,984.8
1082,Donetsk,16.9,94,2023-04-29,986.1
1083,Donetsk,14.6,95,2023-04-30,985.3
1084,Donetsk,13.6,95,2023-05-01,992.8
1085,Donetsk,14.5,85,2023-05-02,1000.6
1086,Donetsk,18.5,85,2023-05-03,1002.5
1087,Donetsk,22.3,74,2023-05-04,1000.4
1088,Donetsk,23.2,73,2023-05-05,995.0
1089,Donetsk,19.2,79,2023-05-06,995.3
1090,Donetsk,15.2,64,2023-05-07,995.7
1091,Donetsk,11.7,63,2023-05-08,998.0
1092,Donetsk,10.2,72,2023-05-09,997.8
1093,Donetsk,8.8,82,2023-05-10,996.1
1094,Donetsk,13.5,80,2023-05-11,996.7
1095,Donetsk,18.1,77,2023-05-12,997.9
1096,Donetsk,20.8,69,2023-05-13,997.6
1097,Donetsk,21.8,69,2023-05-14,996.0
1098,Donetsk,23.0,81,2023-05-15,994.1
1099,Donetsk,23.4,70,2023-05-16,995.3
1100,Donetsk,22.9,63,2023-05-17,995.6
1101,Donetsk,25.0,65,2023-05-18,992.8
1102,Donetsk,25.4,53,2023-05-19,994.0
1103,Donetsk,26.3,62,2023-05-20,994.5
1104,Donetsk,22.7,74,2023-05-21,991.9
1105,Donetsk,20.8,89,2023-05-22,989.6
1106,Donetsk,21.7,92,2023-05-23,988.7
1107,Donetsk,19.4,97,2023-05-24,989.7
1108,Donetsk,22.9,95,2023-05-25,991.7
1109,Donetsk,25.1,97,2023-05-26,990.1
1110,Donetsk,20.0,96,2023-05-27,988.9
1111,Donetsk,22.3,96,2023-05-28,990.0
1112,Donetsk,22.6,91,2023-05-29,990.1
1113,Donetsk,24.4,93,2023-05-30,987.0
1114,Donetsk,19.6,95,2023-05-31,989.0
1115,Donetsk,20.7,90,2023-06-01,989.6
1116,Donetsk,24.6,94,2023-06-02,989.8
1117,Donetsk,24.8,93,2023-06-03,991.8
1118,Donetsk,20.2,77,2023-06-04,995.6
1119,Donetsk,20.9,58,2023-06-05,996.5
1120,Donetsk,21.7,67,2023-06-06,997.9
1121,Donetsk,24.1,76,2023-06-07,997.4
1122,Donetsk,24.7,73,2023-06-08,996.6
1123,Donetsk,26.8,61,2023-06-09,993.4
1124,Donetsk,25.8,60,2023-06-10,988.6
1125,Donetsk,19.3,89,2023-06-11,985.2
1126,Donetsk,21.0,89,2023-06-12,987.6
1127,Donetsk,22.8,83,2023-06-13,987.0
1128,Donetsk,22.7,87,2023-06-14,985.6
1129,Donetsk,26.3,91,2023-06-15,985.8
1130,Donetsk,23.9,87,2023-06-16,984.6
1131,Donetsk,25.6,76,2023-06-17,983.4
1132,Donetsk,28.7,64,2023-06-18,988.4
1133,Donetsk,26.0,58,2023-06-19,989.5
1134,Donetsk,26.6,63,2023-06-20,990.2
1135,Donetsk,26.9,77,2023-06-21,992.6
1136,Donetsk,24.5,59,2023-06-22,996.3
1137,Donetsk,28.3,64,2023-06-23,995.3
1138,Donetsk,30.1,94,2023-06-24,991.4
1139,Donetsk,23.9,97,2023-06-25,988.2
1140,Donetsk,24.3,97,2023-06-26,984.7
1141,Donetsk,22.5,91,2023-06-27,984.1
1142,Donetsk,27.5,99,2023-06-28,985.6
1143,Donetsk,18.2,97,2023-06-29,984.7
1144,Donetsk,23.9,94,2023-06-30,981.9
1145,Donetsk,25.2,93,2023-07-01,984.6
1146,Donetsk,28.5,73,2023-07-02,986.2
1147,Donetsk,29.2,82,2023-07-03,988.9
1148,Donetsk,31.2,71,2023-07-04,990.8
1149,Donetsk,34.0,66,2023-07-05,991.9
1150,Donetsk,34.5,59,2023-07-06,991.0
1151,Donetsk,35.0,63,2023-07-07,988.9
1152,Donetsk,25.7,91,2023-07-08,983.5
1153,Donetsk,22.1,91,2023-07-09,981.4
1154,Donetsk,24.5,79,2023-07-10,983.8
1155,Donetsk,21.4,91,2023-07-11,987.9
1156,Donetsk,23.4,92,2023-07-12,991.0
1157,Donetsk,26.2,80,2023-07-13,993.4
1158,Donetsk,27.5,91,2023-07-14,989.6
1159,Donetsk,26.5,88,2023-07-15,990.5
1160,Donetsk,25.4,77,2023-07-16,992.0
1161,Donetsk,27.9,78,2023-07-17,992.8
1162,Donetsk,28.6,77,2023-07-18,991.5
1163,Donetsk,25.4,91,2023-07-19,986.9
1164,Donetsk,27.8,76,2023-07-20,988.1
1165,Donetsk,27.5,85,2023-07-21,990.3
1166,Donetsk,26.7,83,2023-07-22,991.6
1167,Donetsk,25.8,86,2023-07-23,988.2
1168,Donetsk,25.9,83,2023-07-24,988.3
1169,Donetsk,28.0,78,2023-07-25,988.6
1170,Donetsk,30.7,77,2023-07-26,986.9
1171,Donetsk,33.3,76,2023-07-27,983.6
1172,Donetsk,23.5,93,2023-07-28,979.8
1173,Donetsk,25.0,86,2023-07-29,986.5
1174,Donetsk,27.3,87,2023-07-30,987.5
1175,Donetsk,29.3,82,2023-07-31,987.3
1176,Donetsk,32.0,74,2023-08-01,986.3
1177,Donetsk,29.7,83,2023-08-02,985.0
1178,Donetsk,30.2,87,2023-08-03,988.6
1179,Donetsk,31.6,89,2023-08-04,992.3
1180,Donetsk,34.6,65,2023-08-05,993.1
1181,Donetsk,36.9,53,2023-08-06,989.2
1182,Donetsk,34.8,59,2023-08-07,984.5
1183,Donetsk,30.9,72,2023-08-08,986.4
1184,Donetsk,30.0,68,2023-08-09,991.3
1185,Donetsk,29.3,81,2023-08-10,991.4
1186,Donetsk,28.7,93,2023-08-11,989.0
1187,Donetsk,27.7,95,2023-08-12,994.1
1188,Donetsk,27.7,78,2023-08-13,995.9
1189,Donetsk,28.5,76,2023-08-14,998.1
1190,Donetsk,30.8,79,2023-08-15,998.9
1191,Donetsk,30.7,79,2023-08-16,996.4
1192,Donetsk,30.5,64,2023-08-17,994.6
1193,Donetsk,29.9,70,2023-08-18,994.2
1194,Donetsk,34.9,67,2023-08-19,994.1
1195,Donetsk,35.8,47,2023-08-20,993.5
1196,Donetsk,34.1,74,2023-08-21,990.1
1197,Donetsk,29.2,82,2023-08-22,989.7
1198,Donetsk,25.8,76,2023-08-23,990.5
1199,Donetsk,25.6,73,2023-08-24,991.7
1200,Donetsk,26.4,77,2023-08-25,992.1
1201,Donetsk,26.3,81,2023-08-26,993.8
1202,Donetsk,27.5,79,2023-08-27,991.7
1203,Donetsk,30.9,86,2023-08-28,985.1
1204,Donetsk,27.4,70,2023-08-29,989.1
1205,Donetsk,26.8,50,2023-08-30,990.4
1206,Donetsk,30.7,39,2023-08-31,989.7
1207,Donetsk,27.7,90,2023-09-01,990.4
1208,Donetsk,26.7,96,2023-09-02,993.3
1209,Donetsk,27.1,80,2023-09-03,993.0
1210,Donetsk,26.0,79,2023-09-04,993.0
1211,Donetsk,21.8,89,2023-09-05,994.4
1212,Donetsk,26.7,83,2023-09-06,995.3
1213,Donetsk,24.5,80,2023-09-07,996.8
1214,Donetsk,20.6,68,2023-09-08,997.6
1215,Donetsk,16.8,70,2023-09-09,995.3
1216,Donetsk,19.1,82,2023-09-10,995.7
1217,Donetsk,21.6,91,2023-09-11,994.7
1218,Donetsk,21.7,77,2023-09-12,994.1
1219,Donetsk,21.8,76,2023-09-13,995.0
1220,Donetsk,22.6,76,2023-09-14,994.4
1221,Donetsk,16.3,99,2023-09-15,994.5
1222,Donetsk,20.0,91,2023-09-16,998.7
1223,Donetsk,21.4,83,2023-09-17,1000.1
1224,Donetsk,23.7,83,2023-09-18,999.6
1225,Donetsk,24.5,78,2023-09-19,998.6
1226,Donetsk,25.3,65,2023-09-20,997.5
1227,Donetsk,23.8,60,2023-09-21,997.1
1228,Donetsk,25.5,67,2023-09-22,998.3
1229,Donetsk,25.6,54,2023-09-23,999.2
1230,Donetsk,26.9,60,2023-09-24,998.6
1231,Donetsk,26.0,52,2023-09-25,1000.7
1232,Donetsk,26.3,53,2023-09-26,1001.8
1233,Donetsk,26.1,61,2023-09-27,1001.2
1234,Donetsk,26.7,52,2023-09-28,1000.1
1235,Donetsk,26.1,54,2023-09-29,999.0
1236,Donetsk,25.6,61,2023-09-30,996.4
1237,Donetsk,25.2,58,2023-10-01,992.2
1238,Donetsk,22.0,81,2023-10-02,992.1
1239,Donetsk,17.7,81,2023-10-03,998.6
1240,Donetsk,18.7,86,2023-10-04,998.7
1241,Donetsk,19.7,90,2023-10-05,997.1
1242,Donetsk,19.6,87,2023-10-06,995.0
1243,Donetsk,15.7,76,2023-10-07,994.9
1244,Donetsk,14.5,91,2023-10-08,983.0
1245,Donetsk,7.9,84,2023-10-09,992.4
1246,Donetsk,10.4,85,2023-10-10,996.1
1247,Donetsk,8.3,87,2023-10-11,1005.4
1248,Donetsk,12.5,89,2023-10-12,1004.1
1249,Donetsk,17.0,91,2023-10-13,996.3
1250,Donetsk,19.7,99,2023-10-14,997.5
1251,Donetsk,20.6,92,2023-10-15,992.0
1252,Donetsk,17.6,92,2023-10-16,987.8
1253,Donetsk,9.2,87,2023-10-17,996.8
1254,Donetsk,10.8,98,2023-10-18,997.6
1255,Donetsk,13.3,99,2023-10-19,993.1
1256,Donetsk,15.4,97,2023-10-20,990.7
1257,Donetsk,21.5,95,2023-10-21,993.0
1258,Donetsk,11.2,92,2023-10-22,995.4
1259,Donetsk,21.1,97,2023-10-23,990.6
1260,Donetsk,15.2,89,2023-10-24,989.7
1261,Donetsk,11.8,97,2023-10-25,990.7
1262,Donetsk,15.7,100,2023-10-26,981.2
1263,Donetsk,17.7,100,2023-10-27,980.3
1264,Donetsk,19.7,98,2023-10-28,983.8
1265,Donetsk,16.3,88,2023-10-29,996.4
1266,Donetsk,17.9,96,2023-10-30,999.6
1267,Donetsk,19.9,97,2023-10-31,996.5
1268,Donetsk,18.4,96,2023-11-01,992.0
1269,Donetsk,13.9,94,2023-11-02,990.1
1270,Donetsk,12.4,93,2023-11-03,990.0
1271,Donetsk,15.2,96,2023-11-04,989.0
1272,Donetsk,16.1,100,2023-11-05,984.8
1273,Donetsk,14.4,97,2023-11-06,987.3
1274,Donetsk,14.8,88,2023-11-07,996.4
1275,Donetsk,14.1,98,2023-11-08,996.8
1276,Donetsk,13.2,95,2023-11-09,994.2
1277,Donetsk,9.5,97,2023-11-10,1000.2
1278,Donetsk,8.1,100,2023-11-11,998.0
1279,Donetsk,15.0,98,2023-11-12,985.4
1280,Donetsk,9.9,88,2023-11-13,990.6
1281,Donetsk,9.1,95,2023-11-14,988.8
1282,Donetsk,9.4,96,2023-11-15,981.4
1283,Donetsk,10.2,97,2023-11-16,984.7
1284,Donetsk,6.2,96,2023-11-17,990.8
1285,Donetsk,4.4,95,2023-11-18,991.4
1286,Donetsk,4.2,94,2023-11-19,988.9
1287,Donetsk,2.2,97,2023-11-20,981.4
1288,Donetsk,-2.3,82,2023-11-21,992.3
1289,Donetsk,-2.6,79,2023-11-22,993.6
1290,Zaporizhzhia,12.4,92,2023-04-22,1004.4
1291,Zaporizhzhia,16.7,97,2023-04-23,1008.0
1292,Zaporizhzhia,17.6,100,2023-04-24,1006.5
1293,Zaporizhzhia,17.1,89,2023-04-25,1001.8
1294,Zaporizhzhia,19.6,92,2023-04-26,1000.7
1295,Zaporizhzhia,20.1,94,2023-04-27,999.6
1296,Zaporizhzhia,13.5,95,2023-04-28,999.8
1297,Zaporizhzhia,12.9,90,2023-04-29,1001.8
1298,Zaporizhzhia,11.4,90,2023-04-30,1000.0
1299,Zaporizhzhia,12.5,89,2023-05-01,1010.5
1300,Zaporizhzhia,16.3,89,2023-05-02,1016.2
1301,Zaporizhzhia,19.3,95,2023-05-03,1018.0
1302,Zaporizhzhia,21.0,88,2023-05-04,1016.1
1303,Zaporizhzhia,21.5,92,2023-05-05,1010.2
1304,Zaporizhzhia,19.0,83,2023-05-06,1011.0
1305,Zaporizhzhia,16.7,61,2023-05-07,1011.6
1306,Zaporizhzhia,14.8,63,2023-05-08,1014.4
1307,Zaporizhzhia,12.1,72,2023-05-09,1014.4
1308,Zaporizhzhia,12.2,78,2023-05-10,1013.1
1309,Zaporizhzhia,16.0,77,2023-05-11,1013.3
1310,Zaporizhzhia,19.9,76,2023-05-12,1014.2
1311,Zaporizhzhia,22.0,73,2023-05-13,1013.2
1312,Zaporizhzhia,23.3,82,2023-05-14,1012.2
1313,Zaporizhzhia,24.8,88,2023-05-15,1009.5
1314,Zaporizhzhia,25.1,74,2023-05-16,1008.9
1315,Zaporizhzhia,24.6,55,2023-05-17,1009.8
1316,Zaporizhzhia,26.1,60,2023-05-18,1007.5
1317,Zaporizhzhia,26.9,53,2023-05-19,1008.5
1318,Zaporizhzhia,27.7,55,2023-05-20,1009.3
1319,Zaporizhzhia,24.9,77,2023-05-21,1006.3
1320,Zaporizhzhia,24.0,78,2023-05-22,1004.5
1321,Zaporizhzhia,20.1,93,2023-05-23,1003.1
1322,Zaporizhzhia,22.0,95,2023-05-24,1003.8
1323,Zaporizhzhia,23.7,94,2023-05-25,1004.9
1324,Zaporizhzhia,24.9,94,2023-05-26,1004.9
1325,Zaporizhzhia,21.1,90,2023-05-27,1004.0
1326,Zaporizhzhia,23.1,93,2023-05-28,1005.0
1327,Zaporizhzhia,25.0,90,2023-05-29,1004.9
1328,Zaporizhzhia,20.8,90,2023-05-30,1001.6
1329,Zaporizhzhia,22.7,89,2023-05-31,1004.1
1330,Zaporizhzhia,24.3,79,2023-06-01,1005.3
1331,Zaporizhzhia,25.8,83,2023-06-02,1004.6
1332,Zaporizhzhia,26.1,94,2023-06-03,1009.1
1333,Zaporizhzhia,21.0,64,2023-06-04,1011.6
1334,Zaporizhzhia,22.1,60,2023-06-05,1012.8
1335,Zaporizhzhia,24.2,79,2023-06-06,1013.6
1336,Zaporizhzhia,25.9,83,2023-06-07,1012.6
1337,Zaporizhzhia,26.0,73,2023-06-08,1010.7
1338,Zaporizhzhia,28.7,58,2023-06-09,1007.6
1339,Zaporizhzhia,26.2,60,2023-06-10,1002.5
1340,Zaporizhzhia,19.3,87,2023-06-11,999.5
1341,Zaporizhzhia,22.8,89,2023-06-12,1001.9
1342,Zaporizhzhia,24.3,83,2023-06-13,1002.0
1343,Zaporizhzhia,23.0,87,2023-06-14,1001.6
1344,Zaporizhzhia,25.9,90,2023-06-15,1001.7
1345,Zaporizhzhia,27.0,86,2023-06-16,1001.2
1346,Zaporizhzhia,27.9,73,2023-06-17,999.0
1347,Zaporizhzhia,30.8,64,2023-06-18,1003.0
1348,Zaporizhzhia,28.4,57,2023-06-19,1003.9
1349,Zaporizhzhia,29.1,70,2023-06-20,1005.0
1350,Zaporizhzhia,26.1,88,2023-06-21,1007.4
1351,Zaporizhzhia,28.8,84,2023-06-22,1010.3
1352,Zaporizhzhia,30.4,89,2023-06-23,1009.3
1353,Zaporizhzhia,32.5,89,2023-06-24,1005.6
1354,Zaporizhzhia,25.6,96,2023-06-25,1003.4
1355,Zaporizhzhia,23.1,98,2023-06-26,998.6
1356,Zaporizhzhia,24.5,89,2023-06-27,998.7
1357,Zaporizhzhia,24.9,89,2023-06-28,1000.5
1358,Zaporizhzhia,22.2,89,2023-06-29,1000.8
1359,Zaporizhzhia,25.9,89,2023-06-30,996.6
1360,Zaporizhzhia,28.0,84,2023-07-01,998.6
1361,Zaporizhzhia,30.4,74,2023-07-02,1000.1
1362,Zaporizhzhia,31.0,83,2023-07-03,1003.0
1363,Zaporizhzhia,31.7,82,2023-07-04,1005.3
1364,Zaporizhzhia,34.9,69,2023-07-05,1005.5
1365,Zaporizhzhia,35.9,72,2023-07-06,1004.1
1366,Zaporizhzhia,35.5,57,2023-07-07,1001.9
1367,Zaporizhzhia,28.9,87,2023-07-08,997.2
1368,Zaporizhzhia,22.7,90,2023-07-09,999.3
1369,Zaporizhzhia,26.0,80,2023-07-10,1000.9
1370,Zaporizhzhia,25.5,85,2023-07-11,1003.4
1371,Zaporizhzhia,25.7,88,2023-07-12,1006.7
1372,Zaporizhzhia,28.4,95,2023-07-13,1007.7
1373,Zaporizhzhia,30.7,84,2023-07-14,1002.7
1374,Zaporizhzhia,28.1,82,2023-07-15,1006.8
1375,Zaporizhzhia,27.6,79,2023-07-16,1008.1
1376,Zaporizhzhia,29.9,83,2023-07-17,1008.7
1377,Zaporizhzhia,31.4,87,2023-07-18,1006.0
1378,Zaporizhzhia,26.8,90,2023-07-19,1003.3
1379,Zaporizhzhia,27.0,91,2023-07-20,1002.1
1380,Zaporizhzhia,27.4,92,2023-07-21,1006.1
1381,Zaporizhzhia,27.7,92,2023-07-22,1006.8
1382,Zaporizhzhia,26.0,87,2023-07-23,1004.5
1383,Zaporizhzhia,27.0,84,2023-07-24,1005.2
1384,Zaporizhzhia,31.1,81,2023-07-25,1002.5
1385,Zaporizhzhia,32.6,78,2023-07-26,999.1
1386,Zaporizhzhia,32.9,93,2023-07-27,995.6
1387,Zaporizhzhia,20.5,92,2023-07-28,998.8
1388,Zaporizhzhia,26.5,87,2023-07-29,1001.2
1389,Zaporizhzhia,28.4,91,2023-07-30,1002.1
1390,Zaporizhzhia,30.8,86,2023-07-31,1001.4
1391,Zaporizhzhia,32.5,79,2023-08-01,1000.3
1392,Zaporizhzhia,30.6,83,2023-08-02,999.1
1393,Zaporizhzhia,30.2,84,2023-08-03,1003.0
1394,Zaporizhzhia,32.3,85,2023-08-04,1006.4
1395,Zaporizhzhia,34.9,73,2023-08-05,1007.2
1396,Zaporizhzhia,38.1,59,2023-08-06,1001.6
1397,Zaporizhzhia,33.0,71,2023-08-07,999.3
1398,Zaporizhzhia,28.5,69,2023-08-08,1001.7
1399,Zaporizhzhia,26.2,82,2023-08-09,1007.5
1400,Zaporizhzhia,29.4,89,2023-08-10,1007.6
1401,Zaporizhzhia,24.9,92,2023-08-11,1003.5
1402,Zaporizhzhia,26.3,95,2023-08-12,1009.3
1403,Zaporizhzhia,27.8,96,2023-08-13,1011.4
1404,Zaporizhzhia,28.6,91,2023-08-14,1013.2
1405,Zaporizhzhia,31.1,80,2023-08-15,1013.9
1406,Zaporizhzhia,31.6,77,2023-08-16,1011.4
1407,Zaporizhzhia,31.9,71,2023-08-17,1008.7
1408,Zaporizhzhia,30.5,68,2023-08-18,1009.5
1409,Zaporizhzhia,34.9,70,2023-08-19,1008.6
1410,Zaporizhzhia,36.7,57,2023-08-20,1007.6
1411,Zaporizhzhia,34.4,72,2023-08-21,1005.1
1412,Zaporizhzhia,31.3,84,2023-08-22,1005.8
1413,Zaporizhzhia,27.5,77,2023-08-23,1006.3
1414,Zaporizhzhia,27.5,90,2023-08-24,1007.2
1415,Zaporizhzhia,28.8,73,2023-08-25,1006.9
1416,Zaporizhzhia,30.4,78,2023-08-26,1007.8
1417,Zaporizhzhia,32.9,78,2023-08-27,1005.2
1418,Zaporizhzhia,33.3,87,2023-08-28,1000.1
1419,Zaporizhzhia,31.9,80,2023-08-29,1002.6
1420,Zaporizhzhia,30.0,70,2023-08-30,1003.7
1421,Zaporizhzhia,32.7,72,2023-08-31,1002.0
1422,Zaporizhzhia,24.5,92,2023-09-01,1005.5
1423,Zaporizhzhia,26.0,92,2023-09-02,1009.6
1424,Zaporizhzhia,25.8,77,2023-09-03,1009.3
1425,Zaporizhzhia,28.2,77,2023-09-04,1007.6
1426,Zaporizhzhia,27.6,74,2023-09-05,1009.3
1427,Zaporizhzhia,27.9,78,2023-09-06,1011.0
1428,Zaporizhzhia,26.2,85,2023-09-07,1013.0
1429,Zaporizhzhia,22.7,65,2023-09-08,1013.7
1430,Zaporizhzhia,20.3,68,2023-09-09,1012.4
1431,Zaporizhzhia,20.4,78,2023-09-10,1013.1
1432,Zaporizhzhia,23.0,90,2023-09-11,1010.7
1433,Zaporizhzhia,24.6,91,2023-09-12,1009.2
1434,Zaporizhzhia,24.9,84,2023-09-13,1009.7
1435,Zaporizhzhia,25.4,70,2023-09-14,1008.4
1436,Zaporizhzhia,20.9,90,2023-09-15,1008.7
1437,Zaporizhzhia,22.1,89,2023-09-16,1015.0
1438,Zaporizhzhia,23.5,80,2023-09-17,1015.6
1439,Zaporizhzhia,25.0,87,2023-09-18,1015.0
1440,Zaporizhzhia,25.8,86,2023-09-19,1012.8
1441,Zaporizhzhia,27.4,71,2023-09-20,1011.1
1442,Zaporizhzhia,27.1,69,2023-09-21,1010.4
1443,Zaporizhzhia,28.6,79,2023-09-22,1011.0
1444,Zaporizhzhia,28.0,60,2023-09-23,1011.8
1445,Zaporizhzhia,28.4,62,2023-09-24,1012.5
1446,Zaporizhzhia,28.3,56,2023-09-25,1015.2
1447,Zaporizhzhia,27.6,55,2023-09-26,1016.6
1448,Zaporizhzhia,27.9,57,2023-09-27,1015.6
1449,Zaporizhzhia,28.2,53,2023-09-28,1014.0
1450,Zaporizhzhia,27.7,55,2023-09-29,1013.0
1451,Zaporizhzhia,26.4,61,2023-09-30,1011.1
1452,Zaporizhzhia,26.3,76,2023-10-01,1006.9
1453,Zaporizhzhia,19.7,91,2023-10-02,1010.1
1454,Zaporizhzhia,18.3,89,2023-10-03,1014.7
1455,Zaporizhzhia,21.3,91,2023-10-04,1013.9
1456,Zaporizhzhia,20.2,87,2023-10-05,1013.7
1457,Zaporizhzhia,19.3,88,2023-10-06,1011.1
1458,Zaporizhzhia,18.4,77,2023-10-07,1011.7
1459,Zaporizhzhia,16.9,89,2023-10-08,1001.2
1460,Zaporizhzhia,9.7,78,2023-10-09,1008.9
1461,Zaporizhzhia,11.4,98,2023-10-10,1014.0
1462,Zaporizhzhia,10.8,94,2023-10-11,1020.5
1463,Zaporizhzhia,16.0,83,2023-10-12,1018.6
1464,Zaporizhzhia,17.1,97,2023-10-13,1011.4
1465,Zaporizhzhia,20.0,100,2023-10-14,1012.0
1466,Zaporizhzhia,19.0,95,2023-10-15,1005.9
1467,Zaporizhzhia,13.2,98,2023-10-16,1006.3
1468,Zaporizhzhia,10.3,99,2023-10-17,1012.8
1469,Zaporizhzhia,12.0,100,2023-10-18,1012.7
1470,Zaporizhzhia,15.8,84,2023-10-19,1008.0
1471,Zaporizhzhia,19.2,95,2023-10-20,1003.3
1472,Zaporizhzhia,23.9,97,2023-10-21,1005.7
1473,Zaporizhzhia,18.4,95,2023-10-22,1007.7
1474,Zaporizhzhia,22.8,93,2023-10-23,1004.6
1475,Zaporizhzhia,16.9,86,2023-10-24,1006.7
1476,Zaporizhzhia,12.7,91,2023-10-25,1006.2
1477,Zaporizhzhia,17.6,98,2023-10-26,995.4
1478,Zaporizhzhia,20.1,97,2023-10-27,993.2
1479,Zaporizhzhia,20.1,95,2023-10-28,1000.6
1480,Zaporizhzhia,18.0,92,2023-10-29,1011.4
1481,Zaporizhzhia,19.7,94,2023-10-30,1013.4
1482,Zaporizhzhia,19.3,95,2023-10-31,1010.6
1483,Zaporizhzhia,19.2,96,2023-11-01,1004.6
1484,Zaporizhzhia,13.2,94,2023-11-02,1004.9
1485,Zaporizhzhia,12.4,96,2023-11-03,1004.6
1486,Zaporizhzhia,18.0,97,2023-11-04,999.9
1487,Zaporizhzhia,17.5,88,2023-11-05,995.1
1488,Zaporizhzhia,17.2,94,2023-11-06,1003.6
1489,Zaporizhzhia,16.6,87,2023-11-07,1011.6
1490,Zaporizhzhia,14.8,95,2023-11-08,1011.5
1491,Zaporizhzhia,12.4,94,2023-11-09,1011.7
1492,Zaporizhzhia,11.0,99,2023-11-10,1016.0
1493,Zaporizhzhia,14.1,92,2023-11-11,1010.8
1494,Zaporizhzhia,14.3,90,2023-11-12,1000.5
1495,Zaporizhzhia,9.7,94,2023-11-13,1006.2
1496,Zaporizhzhia,10.3,100,2023-11-14,1004.8
1497,Zaporizhzhia,10.3,93,2023-11-15,997.1
1498,Zaporizhzhia,9.9,94,2023-11-16,1002.8
1499,Zaporizhzhia,5.8,94,2023-11-17,1006.9
1500,Zaporizhzhia,6.0,94,2023-11-18,1005.6
1501,Zaporizhzhia,3.6,100,2023-11-19,1002.6
1502,Zaporizhzhia,1.1,92,2023-11-20,999.7
1503,Zaporizhzhia,0.6,83,2023-11-21,1008.8
1504,Zaporizhzhia,-0.7,87,2023-11-22,1009.9
